insert into product values('1000000001','Volcom Frickin Chino Pants','49.5','Relaxed, roomy fit chinos with a 17 1/2inch leg opening walk a fine line.','Pants','Men''s');
insert into product values('1000000002','Michael Kors 1224 Suit','249.99','Cut for a slimmer fit through the chest and waist, this gray tic suit features a classic notch lapel. Flat-front slacks complete this updated look.','Suit','Men''s');
insert into product values('1000000003','Business Shirt Slim Fit Flannel','14.78','2015 Fashion Men Cotton Dress Shirts Long','Shirt','Men''s');
insert into product values('1000000004','Polo Ralph Lauren Men''s Thermal Crew-Neck Shirt','32.99','This comfortable long-sleeved crew neck is crafted from soft waffle-knit cotton and features Ralph Lauren''s signature embroidered pony.','Shirt','Men''s');
insert into product values('1000000005','The North Face McMurdo Parka II','330','Keep warm and carry on with style—this North Face parka features a detachable hood with faux fur trim and plenty of pockets for your essentials.','Jacket','Men''s');
insert into product values('1000000006','Calvin Klein Blue Pindot Extra Slim-Fit Vested Suit','289.99','Confident and cool styling, you''ll feel as important as you look in this Calvin Klein medium blue pindot extra slim-fit suit.','Suit','Men''s');
insert into product values('1000000007','Calvin Klein X-Fit Burgundy Extra Slim Fit Suit','194.99','Slim-fitted in a rich burgundy hue. Create signature style with sleek suit separates from Calvin Klein.','Suit','Men''s');
insert into product values('1000000008','Kenneth Cole Reaction Slim-Fit Black Tuxedo','199.99','Be prepared for your next formal occasion with this seriously stylish black tuxedo from Kenneth Cole Reaction.','Suit','Men''s');
insert into product values('1000000009','Tommy Hilfiger Black Classic-Fit Tuxedo Suit','219.99','Invest in style and sophistication that will last a lifetime. This expertly tailored slim-fit tuxedo from Tommy Hilfiger offers top of the line refinement for any formal occasion.','Suit','Men''s');
insert into product values('1000000010','John Ashford Long-Sleeve Herringbone Flannel Shirt','19.99','A subtle herringbone pattern adds a textural feel to this button-down shirt from John Ashford.','Shirt','Men''s');
insert into product values('1000000011','Alfani BLACK Long Sleeve Warren Shirt','24.99','Dress up your jeans with this modern Alfani button-front shirt, featuring two button flap chest pockets.','Shirt','Men''s');
insert into product values('1000000012','International Concepts Core Topper Shirt','44.99','Give your weekend wardrobe a sharp update with this shirt from INC International Concepts.','Shirt','Men''s');
insert into product values('1000000013','Nike Classic Fleece Sweatpant','33.75','Whether you''re running to the gym or just running errands, these Nike pants are your new wardrobe staple.','Pants','Men''s');
insert into product values('1000000014','Ralph Lauren 100% Wool Double-Reverse Pleated Dress Pants','74.99','A great modern dress pant that''s grounded in tradition. All-season, natural stretch fabric and lining moves with you and looks great all day.','Pants','Men''s');
insert into product values('1000000015','Calvin Klein Black Solid Slim-Fit Pants','89.99','Tailored for a perfect fit and polished silhouette, these classic Calvin Klein pants will modernize your dapper work-ready style.','Pants','Men''s');
insert into product values('1000000016','Puma Drawstring Fleece Pants','26.99','Suit up in simple, sporty style with this fleece pant from Puma.','Pants','Men''s');
insert into product values('1000000017','The North Face Inlux Insulated Jacket','174.99','The North Face Inlux jacket is waterproof and insulated and features a fleece-lined body, removable hood and pit-zip vents and built to protect you from the elements without sacrificing breathability and comfort.','Jacket','Men''s');
insert into product values('1000000018','Tommy Hilfiger Melton Wool Walking Coat with Scarf','149.99','Look good, and feel even better in this melton walking coat from Tommy Hilfiger, featuring a detachable wool scarf to perfectly accentuate your coat!','Jacket','Men''s');
insert into product values('1000000019','London Fog Big & Tall Classic Car Coat','169.99','This coat from London Fog is the perfect barrier to the elements when Mother Nature throws a curveball.','Jacket','Men''s');
insert into product values('1000000020','Kenneth Cole Reaction Eliot Slim-Fit Overcoat','159.99','Brave the outdoors in this polished overcoat from Kenneth Cole Reaction, designed with a slim fit and knit collar.','Jacket','Men''s');
insert into product values('1000000021','Dockers Quilted Puffer Jacket with Packable Neck Pillow','79.99','This On-the-Go puffer jacket from Dockers upgrades your travel style to first class by packing itself into its own pillow bag.','Jacket','Men''s');
insert into product values('1000000022','Free Country Colorblock Jacket','49.99','Unless you’re scaling Mount Everest, this dobby midweight jacket may be just what you need. Wind- and water-resistant, it has plenty of storage pockets and a detachable hood to adjust to all kinds of weather.','Jacket','Men''s');
insert into product values('1000000023','Columbia Lone Ridge Fleece Jacket','29.99','Find your comfort zone in your choice of colors with the Lone Ridge fleece jacket from Columbia.','Jacket','Men''s');
insert into product values('1000000024','Claiborne Wool-Blend Pea Coat','89.99','Keep up appearances while putting bad weather in its place in this classic wool pea coat with scarf.','Jacket','Men''s');
insert into product values('1000000025','St. John''s Bay Long-Sleeve Quarter-Zip Fleece Jacket','14.99','Easy-going warmth is always at the ready with this plush, quarter-zip fleece pullover from St. John’s Bay.','Jacket','Men''s');
insert into product values('1000000026','St. John''s Bay Long-Sleeve Legacy Plaid Flannel Shirt','14.99','Make sure your cold-weather style is properly buttoned up in this plaid flannel shirt from St. John''s Bay, available in your choice of lasting, yarn-dyed colors.','Shirt','Men''s');
insert into product values('1000000027','Arizona Solid Long-Sleeve Thermal Tee','9.99','Comfortably stay a step ahead of ever-changing weather in this soft thermal tee from Arizona.','Shirt','Men''s');
insert into product values('1000000028','St. John''s Bay Long-Sleeve Solid Sueded Henley','12.99','Somewhere between the basic tee and the polo lies this versatile henley, offering sueded softness, warmth and easy-going style to outlast the season.','Shirt','Men''s');
insert into product values('1000000029','St. John''s Bay Legacy Pique Polo Shirt','12.99','Our St. John''s Bay polo gives you the classic look you love in enough color choices to keep you going year-round. The all-cotton piqué fabric also resists shrinking and fading.','Shirt','Men''s');
insert into product values('1000000030','St. John''s Bay Long-Sleeve Solid Sueded Polo','12.99','This polo''s soft color and cushiony sueded fabric gives you an easy-going style that feels instantly worn in.','Shirt','Men''s');
insert into product values('1000000031','Alfani Proud Bike Toe Oxfords','44.99','This sleek oxford from Alfani offers great style and comfort with dual elastic gores at the sides.','Shoes','Men''s');
insert into product values('1000000032','Nautica Lockview Winterized Duck Boots','69.99','The kind of boots you leave by the door all winter long. A soft, faux-shearling lining updates these duck boots from Nautica for incredible warmth and comfort.','Shoes','Men''s');
insert into product values('1000000033','Ecco New Jersey Bike Toe Loafers','129.99','Need a pair of men''s dress shoes that will accent your modern style? These slimmer Ecco men''s loafers provide the perfect complement to your work week wardrobe.','Shoes','Men''s');
insert into product values('1000000034','Polo Ralph Lauren Vaughn Sneakers','69.55','Raise your game with these stylish sneakers from Ralph Lauren.','Shoes','Men''s');
insert into product values('1000000035','Timberland Rangeley Mid Leather Boots','90.99','Constructed to last. Conquer the rough terrain in a pair of mid leather boots from Timberland.','Shoes','Men''s');
insert into product values('1000000036','Levi''s 505 Regular-Fit Jeans','48.99','One of Levi''s most popular straight fit jeans, the 505 Regular Fit Jeans are beloved for their classic straight-leg style. Cut to sit at the waist, comfortable throughout the seat and thigh—straight down to the ankle.','Pants','Men''s');
insert into product values('1000000037','Calvin Klein Jeans Relaxed Fit Jeans','61.99','Laid-back casual days require a pair of relaxed denim from Calvin Klein Jeans.','Pants','Men''s');
insert into product values('1000000038','Levi''s 511 Slim-Fit Rigid Dragon Jeans','39.99','Levi''s combines a modern slim fit with a wash that helps you always keep it cool, making these straight-leg blues a cool complement to your weekend wardrobe.','Pants','Men''s');
insert into product values('1000000039','DKNY Jeans Soho Straight-Leg Jeans, Berkshire Blue Wash','47.99','DKNY Jeans Soho Straight-Leg Jeans, Berkshire Blue Wash','Pants','Men''s');
insert into product values('1000000040','Levi''s 514 Straight-Fit Jeans, Caraway Twill','48.99','When blue denim won''t do, enhance any casual look with these twill jeans from Levi''s.','Pants','Men''s');
insert into product values('1000000041','Liliana 3/4-Sleeve Lace Dress','89.99','Dress to impress in the romantic look of our allover lace dress topped with scallop detailing and sheer sleeves.','Dress','Women''s');
insert into product values('1000000042','Worthington 3/4-Sleeve Fit-and-Flare Sweater Dress','29.99','A ribbed bodice atop a smooth skirt makes for a visually pleasing contrast on our jersey knit sweater dress.','Dress','Women''s');
insert into product values('1000000043','Bisou Bisou Cap-Sleeve High-Low Lace Sheath Dress','49.99','Flaunt the lacy appeal of our so-cool lace sheath dress and you''re sure to stun at any outing.','Dress','Women''s');
insert into product values('1000000044','Studio 1 3/4-Sleeve Striped Sweater Dress','29.99','Take your cool-weather look from desk-to-dinner with our striped sweater dress over your favorite boots and leggings.','Dress','Women''s');
insert into product values('1000000045','Liliana Lace Sleeveless Lace Sheath Dress','89.99','A stunning lace dress is on trend and supremely chic this season.','Dress','Women''s');
insert into product values('1000000046','Scarlett Sleeveless Lace-Shoulder Gown','89.99','Lace shoulders meet a pleated bodice in our graceful mesh gown that will have you exuding elegance.','Dress','Women''s');
insert into product values('1000000047','R&M Richards 3/4-Sleeve Rhinestone-Trim Long Jacket Dress','89.99','Rhinestone trim on our collarless jacket adds a hint of sparkle to our side-gathered knit dress for an unforgettable look.','Dress','Women''s');
insert into product values('1000000048','Studio 1® 3/4-Sleeve Ikat Print Sweater Dress','29.99','Get a comfy chic look with the cuddly cute styling of our sleek sweater dress with ikat-patterned elements.','Dress','Women''s');
insert into product values('1000000049','Simply Liliana Cap-Sleeve Sparkle Sheath Dress','89.99','You''re sure to sparkle and shine the night away when you slip into the body-hugging silhouette of our shimmer sheath dress.','Dress','Women''s');
insert into product values('1000000050','a.n.a Long-Sleeve Sweater Dress','39.99','Our oversized sweater dress features textural knit details and a draped cowl neckline for a soft and cozy take on a new season essential.','Dress','Women''s');
insert into product values('1000000051','St. John''s Bay Midweight Jacket','49.99','Feel chic and confident when you face the chill in our sleek, midweight jacket from St. John’s Bay.','Jacket','Women''s');
insert into product values('1000000052','Liz Claiborne Wool-Blend Toggle Coat','109.99','Keep it classic in our wool-blend toggle coat, complete with cozy details like a hood and front pockets to keep your fingers warm.','Jacket','Women''s');
insert into product values('1000000053','Worthington Ladylike Wool-Blend Coat','109.99','Zippered pockets and a button-up collar lend a modern edge to the classic style of our ladylike wool-blend coat.','Jacket','Women''s');
insert into product values('1000000054','Free Country Side-Tab Softshell Jacket','61.99','Stay warm on-the-go in our super cozy, fleece lined jacket, featuring adjustable side tabs for a feminine fit and a detachable, faux fur-trimmed hood.','Jacket','Women''s');
insert into product values('1000000055','SEB Zip-Front Fleece Jacket','61.99','Warm up to cool weather in our anorak-style jacket, featuring a detachable hood and inserted elastic waist for a flattering, feminine fit.','Jacket','Women''s');
insert into product values('1000000056','ZeroXposur Storm Shield Insulated Jacket','61.99','Face the elements with confidence in our water- and wind-resistant jacket with high-performance insulation for warmth without the weight.','Jacket','Women''s');
insert into product values('1000000057','KC Collections Bus Stop Coat','86.99','You''ll be ready for almost anything in our heavyweight quilted puffer coat that''s both water resistant and water repellent, and features a polar fleece-lined hood and multi-stitch details.','Jacket','Women''s');
insert into product values('1000000058','Free Country Radiance 3-In-1 Systems Jacket','99.99','One jacket, three ways to wear it: wear the colorblock outer jacket or butter-pile lined inner jacket separately or pair them together to reach your ideal comfort level depending on the elements.','Jacket','Women''s');
insert into product values('1000000059','St. John''s Bay Wool-Blend Pea Coat','99.99','Wonderful Pea Coat for the cold winter times.','Jacket','Women''s');
insert into product values('1000000060','Columbia Three Rivers Fleece Jacket','29.99','The warm fleece of our Columbia zip-front jacket keeps you cozy and comfortable during all your outdoor adventures.','Jacket','Women''s');
insert into product values('1000000061','Stylus Stretch Skinny Jeans','24.99','The perfect fit and look are all rolled up into our ultra-modern, comfortably chic skinny jeans.','Pants','Women''s');
insert into product values('1000000062','Liz Claiborne City-Fit Straight-Leg Jeans','27.99','Crisscross the city, leaving your mark as you go, in our classic straight-leg jeans.','Pants','Women''s');
insert into product values('1000000063','a.n.a Skinny Boyfriend Jeans','29.99','Our skinny low-rise boyfriend jeans take on the weekend with a slouchy shape that’s borrowed from the guys, but cut to complement your curves.','Pants','Women''s');
insert into product values('1000000064','St. John''s Bay Secretly Slender Bootcut Jeans','24.99','With a versatile bootcut leg, our Secretly Slender jeans offer a flattering fit for casual days or dressier occasions.','Pants','Women''s');
insert into product values('1000000065','Lee Monroe Classic-Fit Straight-Leg Jeans','29.99','Our classic-fit Lee jeans in stretch denim boast a versatile style that flatters your curves and ensures you look your best year round.','Pants','Women''s');
insert into product values('1000000066','Levi’s 535 Super Skinny Jeans','36.99','Levi’s 535 Super Skinny jeans are the skinniest of the skinny fits. Made with super-stretch denim construction and classic 5-pocket styling so you can get the look of your favorite jeans with the comfort of leggings.','Pants','Women''s');
insert into product values('1000000067','Stylus Stretch Bootcut Jeans','24.99','With figure-flattering bootcut legs, our 5-pocket stretch jeans are weekend must-haves.','Pants','Women''s');
insert into product values('1000000068','Levi''s 515 Bootcut Jeans','32.99','Levi''s 515 jeans have a classic bootcut fit that widens below the knee to elongate legs, especially when paired with heels.','Pants','Women''s');
insert into product values('1000000069','Levi’s Mid Rise Skinny Jeans','39.99','Mid Rise Skinny jeans are Levi''s most versatile skinny-jean fit, cut with a mid-rise waist and a 13¾ leg opening. They''re designed to give and stretch in all the right places and quickly recover to their original flattering shape.','Pants','Women''s');
insert into product values('1000000070','Levi’s 505 Straight-Leg Jeans','32.99','Levi''s 505 Straight Jeans are straight as an arrow, honest-to-goodness jeans for every woman.','Pants','Women''s');
insert into product values('1000000071','Liz Claiborne 3/4-Sleeve Geo Stitch Tunic Sweater','26.99','Going casual just got fun in our boatneck geo stitch sweater.','Sweater','Women''s');
insert into product values('1000000072','St. John''s Bay Knit Flyaway Cardigan','19.99','Wrap yourself in cozy comfort with a knit cardigan that adds a lightweight layer to your look when you need it.','Sweater','Women''s');
insert into product values('1000000073','Liz Claiborne Long-Sleeve Pointelle Open-Front Cardigan','32.99','Point your style in the right direction with our open-front pointelle cardigan. ','Sweater','Women''s');
insert into product values('1000000074','i jeans by Buffalo Long-Sleeve Open Cardigan','39.99','Open up to new adventures in texture with our open-stitch cardigan sweater.','Sweater','Women''s');
insert into product values('1000000075','i jeans by Buffalo Long-Sleeve Fringe Flyaway Cardigan','29.99','Dare to flair with our flyaway cardigan sweater''s carefree fringed trim.','Sweater','Women''s');
insert into product values('1000000076','Clarks Evianna Fuse Slip-On Shoes in Wide Width','69.99','Add flair to your casual style with our slip-on shoes designed to fit effortlessly for all-day comfort.','Shoes','Women''s');
insert into product values('1000000077','Clarks Plaza Pilot Leather Riding Boots - Wide','99.99','Function meets fashion with these riding boots made of extra-soft leather and featuring a padded footbed.','Shoes','Women''s');
insert into product values('1000000078','Yuu Renner Slip-On Wedges','39.99','Whether dressed to impress in the office or carefree and casual on the weekends, our comfortable slip-on wedges keep you looking fresh on your feet.','Shoes','Women''s');
insert into product values('1000000079','Yuu Josarie Strap Sandals','39.99','These adorable sandals feature a trendy strappy look and comfortable molded footbed for a go-anywhere look and feel you''ll adore.','Shoes','Women''s');
insert into product values('1000000080','Yuu Leta Ankle Booties','49.99','Stay cute and cozy with these booties featuring a faux-shearling lining and comfortable footbed.','Shoes','Women''s');
insert into product values('1000000081','Men''s Golden State Warriors Stephen Curry T-Shirt','27.99','Get in the game this season with this Stephen Curry Warriors Net Number tee from adidas. It boasts a rib-knit tagless collar and Warriors graphics on the front. It also has your favorite player’s name and number on the back for added spirit. ','Warriors','Butt');
insert into product values('1000000082','Mens Golden State Warriors Stephen Curry adidas T-Shirt','27.99','Get in the game this season with this Stephen Curry Warriors Net Number tee from adidas. It boasts a rib-knit tagless collar and Warriors graphics on the front. It also has your favorite player’s name and number on the back for added spirit. ','Warriors','Butt');
insert into product values('1000000083','Men''s Warriors G-III Sports by Carl Banks Satin Jacket','119.99','Prove you are the #1 Golden State Warriors fan with this Era satin jacket from G-III Sports by Carl Banks. It features stunning Golden State Warriors colors and graphics on both the front and arms for a great pop of team pride!','Warriors','Butt');
insert into product values('1000000084','Youth Golden State Warriors Royal Breaking History T-Shirt','21.99','This season is off to a great start for your youngster''s Golden State Warriors, grab him this sweet Breaking History tee to help show his support. When they see him rocking this awesome look they''re sure to fight harder to stay on top!','Warriors','Butt');
insert into product values('1000000085','Women''s Warriors Black Gold Collection Ladies Hoodie','74.99','Show your Golden State Warriors pride every time you wear this Gold Collection hoodie. Featuring Golden State Warriors graphics, this hoodie will keep you comfortable and full of team spirit.','Warriors','Butt');
insert into product values('1000000086','Golden State Warriors 2015 NBA Finals Champions Snapback Hat','26.99','Let''s hear it for your Golden State Warriors! Your Golden State Warriors have successfully defeated the competition and are 2015 NBA Finals Champions!','Warriors','Butt');
insert into product values('1000000087','Golden State Warriors New Era Gray/Black 59FIFTY Fitted Hat','34.99','Prove you are the #1 Golden State Warriors fan with this 59FIFTY fitted hat! This hat is perfect for the Golden State Warriors fan who wants a unique new way to show off his pride for his favorite team. ','Warriors','Butt');
insert into product values('1000000088','Golden State Warriors Stephen Curry White Jersey','109.99','Celebrate a valiant Golden State Warriors victory with this Stephen Curry Trophy Banner swingman jersey! The technology from adidas is set to keep you comfortable no matter how close the game gets.','Warriors','Butt');
insert into product values('1000000089','Golden State Warriors Stephen Curry Royal Blue Road Jersey','69.99','This adidas jersey features Golden State Warriors graphics on the front and your favorite player''s name and number on the back. From the court to the stands, you will look like a bona fide Golden State Warriors fan when you rock this jersey.','Warriors','Butt');
insert into product values('1000000090','Stephen Curry Golden State Warriors Fashion Black Jersey','69.99','This jersey features Golden State Warriors graphics on the front and your favorite player''s name and number on the back. From the court to the stands, you will look like a bona fide Golden State Warriors fan when you rock this jersey.','Warriors','Butt');
insert into orderInfo values('1001','100001','326.8858','299.94','5.95','20.9958','5','December 1, 2015 23:55');
insert into orderInfo values('1002','100002','22.7646','14.78','6.95','1.0346','2','December 2, 2015 10:30');
insert into orderInfo values('1003','100005','520.5179','479.97','6.95','33.5979','2','December 2, 2015 11:45');
insert into orderInfo values('1004','100003','3109.843','2899.9','6.95','202.993','2','December 2, 2015 11:55');
insert into orderInfo values('1005','100013','79.8286','69.98','4.95','4.8986','7','December 2, 2015 13:22');
insert into orderInfo values('1006','100003','488.3965','449.95','6.95','31.4965','2','December 2, 2015 14:22');
insert into orderInfo values('1007','100012','586.9279','542.97','5.95','38.0079','5','December 2, 2015 15:10');
insert into orderInfo values('1008','100010','347.3286','319.98','4.95','22.3986','7','December 2, 2015 15:22');
insert into orderInfo values('1009','100006','434.7097','400.71','5.95','28.0497','5','December 2, 2015 15:30');
insert into orderInfo values('1010','100011','73.7296','64.28','4.95','4.4996','7','December 2, 2015 15:41');
insert into orderedItems values('1001','1000000001');
insert into orderedItems values('1001','1000000002');
insert into orderedItems values('1002','1000000003');
insert into orderedItems values('1003','1000000018');
insert into orderedItems values('1003','1000000019');
insert into orderedItems values('1003','1000000020');
insert into orderedItems values('1004','1000000006');
insert into orderedItems values('1004','1000000006');
insert into orderedItems values('1004','1000000006');
insert into orderedItems values('1004','1000000006');
insert into orderedItems values('1004','1000000006');
insert into orderedItems values('1004','1000000006');
insert into orderedItems values('1004','1000000006');
insert into orderedItems values('1004','1000000006');
insert into orderedItems values('1004','1000000006');
insert into orderedItems values('1004','1000000006');
insert into orderedItems values('1005','1000000011');
insert into orderedItems values('1005','1000000012');
insert into orderedItems values('1006','1000000015');
insert into orderedItems values('1006','1000000015');
insert into orderedItems values('1006','1000000015');
insert into orderedItems values('1006','1000000015');
insert into orderedItems values('1006','1000000015');
insert into orderedItems values('1007','1000000004');
insert into orderedItems values('1007','1000000006');
insert into orderedItems values('1007','1000000008');
insert into orderedItems values('1008','1000000018');
insert into orderedItems values('1008','1000000019');
insert into orderedItems values('1009','1000000013');
insert into orderedItems values('1009','1000000014');
insert into orderedItems values('1009','1000000015');
insert into orderedItems values('1009','1000000016');
insert into orderedItems values('1009','1000000017');
insert into orderedItems values('1010','1000000001');
insert into orderedItems values('1010','1000000003');
insert into payment values('100001','1111222233334444','777','8/17','William','Smith');
insert into payment values('100002','1615141312111098','567','9/16','Thomas','Hanks');
insert into payment values('100003','1615141312111099','123','5/19','Frank','Butt');
insert into payment values('100004','1615141312111111','222','5/19','Thomas','Cruise');
insert into payment values('100005','1615141312111112','333','5/19','Johnathan','Depp');
insert into payment values('100006','1615141312111113','234','5/19','Christopher','Brown');
insert into payment values('100007','1615141312111114','235','5/19','Rih','Anna');
insert into payment values('100008','1615141312111115','236','5/19','Benjamin','Affleck');
insert into payment values('100009','1615141312111116','237','5/19','Jayson','Zee');
insert into payment values('100010','1615141312111117','238','5/19','Richard','Stallman');
insert into payment values('100011','1615141312111118','239','5/19','Baraka','Obama');
insert into payment values('100012','1615141312111119','240','5/19','Larry','Page');
insert into payment values('100013','1715141312111119','255','5/19','William','Gates');
insert into payment values('100014','1815141312111119','266','5/19','Timothy','Cook');
insert into payment values('100015','1915141312111119','277','5/19','Warren','Buffet');
insert into payment values('100006','8732737192842197','124','4/19','Christopher','Brown');
insert into payment values('100006','4432737192842197','275','2/18','Christopher','Brown');
insert into cart values('100001','1000000001');
insert into cart values('100001','1000000002');
insert into cart values('100001','1000000009');
insert into cart values('100001','1000000010');
insert into cart values('100002','1000000001');
insert into cart values('100002','1000000002');
insert into cart values('100002','1000000003');
insert into customer values('100001','William','Smith',' 9830 Wildshire Blvd','Beverly Hills','CA','90212','United States','willsmith@hotmail.com','password1','4443339999');
insert into customer values('100002','Thomas','Hanks','2000 Avenue Of The Stars','Los Angeles','CA','90067','United States','tomhanks@hanks.com','password2','1231231234');
insert into customer values('100003','Frank','Butt','1 Washington Square','San Jose','CA','95192','United States','frank.butt@sjsu.edu','password3','4084084088');
insert into customer values('100004','Thomas','Cruise','220 W. 42nd Street','New York','NY','10036','United States','tom.cruise@tomcruise.com','password4','3634637111');
insert into customer values('100005','Johnathan','Depp','3727 W. Magnolia','Burbank','CA','91505','United States','jdepp1@hotmail.com','password5','1234567890');
insert into customer values('100006','Christopher','Brown','96 Linwood Plaza','Fort Lee','NJ','7024','United States','wifebeater@gmail.com','password6','1987654321');
insert into customer values('100007','Rih','Anna','1411 Broadway','New York','NY','10018','United States','rih@yahoo.com','password7','7778889999');
insert into customer values('100008','Benjamin','Affleck','3727 W. Magnolia','Burbank','CA','91505','United States','benaf@gmail.com','password8','3334445555');
insert into customer values('100009','Jayson','Zee','6 W 25th Street','New York','NY','10010','United States','jayz@jayz.com','password9','2223334444');
insert into customer values('100010','Richard','Stallman','51 Franklin St','Boston ','MA','2110','United States','rms@gnu.org','password10','6666666666');
insert into customer values('100011','Baraka','Obama','1600 Pennsylvania Ave','Washington','DC','20500','United States','president@whitehouse.org','password11','2223334445');
insert into customer values('100012','Larry','Page','1600 Amphitheatre Parkway','Mountain View','CA','94043','United States','lpage@google.com','password12','6502530000');
insert into customer values('100013','William','Gates','1288 Pear Ave','Mountain View','CA','94043','United States','gates@ms.net','password13','5554443333');
insert into customer values('100014','Timothy','Cook','1 Infinite Loop','Cupertino','CA','95014','United States','tcook@apple.com','password14','2220008888');
insert into customer values('100015','Warren','Buffet','4725 1st St','Pleasanton','CA','94566','United States','wbuff@bhath.com','password15','1456667777');
insert into warehouse values('1000000001','25','37.745624','-121.398318');
insert into warehouse values('1000000002','20','34.088466','-117.245858');
insert into warehouse values('1000000003','15','37.918005','-121.251009');
insert into warehouse values('1000000004','14','37.745624','-121.398318');
insert into warehouse values('1000000005','20','34.088466','-117.245858');
insert into warehouse values('1000000006','10','37.918005','-121.251009');
insert into warehouse values('1000000007','5','37.745624','-121.398318');
insert into warehouse values('1000000008','15','34.088466','-117.245858');
insert into warehouse values('1000000009','17','37.918005','-121.251009');
insert into warehouse values('1000000010','15','37.745624','-121.398318');
insert into warehouse values('1000000011','25','34.088466','-117.245858');
insert into warehouse values('1000000012','35','37.918005','-121.251009');
insert into warehouse values('1000000013','45','37.745624','-121.398318');
insert into warehouse values('1000000014','20','34.088466','-117.245858');
insert into warehouse values('1000000015','50','37.918005','-121.251009');
insert into warehouse values('1000000016','5','37.745624','-121.398318');
insert into warehouse values('1000000017','3','34.088466','-117.245858');
insert into warehouse values('1000000018','17','37.918005','-121.251009');
insert into warehouse values('1000000019','20','37.745624','-121.398318');
insert into warehouse values('1000000020','15','34.088466','-117.245858');
insert into warehouse values('1000000021','19','37.918005','-121.251009');
insert into warehouse values('1000000022','22','37.745624','-121.398318');
insert into warehouse values('1000000023','25','34.088466','-117.245858');
insert into warehouse values('1000000024','13','37.918005','-121.251009');
insert into warehouse values('1000000025','55','37.745624','-121.398318');
insert into warehouse values('1000000026','40','34.088466','-117.245858');
insert into warehouse values('1000000027','32','37.918005','-121.251009');
insert into warehouse values('1000000028','50','37.745624','-121.398318');
insert into warehouse values('1000000029','22','34.088466','-117.245858');
insert into warehouse values('1000000030','25','37.918005','-121.251009');
insert into warehouse values('1000000031','30','37.745624','-121.398318');
insert into warehouse values('1000000032','45','34.088466','-117.245858');
insert into warehouse values('1000000033','60','37.918005','-121.251009');
insert into warehouse values('1000000034','20','34.088466','-117.245858');
insert into warehouse values('1000000035','10','37.918005','-121.251009');
insert into warehouse values('1000000036','15','37.745624','-121.398318');
insert into warehouse values('1000000037','20','34.088466','-117.245858');
insert into warehouse values('1000000038','10','37.918005','-121.251009');
insert into warehouse values('1000000039','15','37.745624','-121.398318');
insert into warehouse values('1000000040','20','34.088466','-117.245858');
insert into warehouse values('1000000041','10','37.918005','-121.251009');
insert into warehouse values('1000000042','15','37.745624','-121.398318');
insert into warehouse values('1000000043','20','34.088466','-117.245858');
insert into warehouse values('1000000044','10','37.918005','-121.251009');
insert into warehouse values('1000000045','15','37.745624','-121.398318');
insert into warehouse values('1000000046','20','34.088466','-117.245858');
insert into warehouse values('1000000047','10','37.918005','-121.251009');
insert into warehouse values('1000000048','15','37.745624','-121.398318');
insert into warehouse values('1000000049','20','34.088466','-117.245858');
insert into warehouse values('1000000050','10','37.918005','-121.251009');
insert into warehouse values('1000000051','15','37.745624','-121.398318');
insert into warehouse values('1000000052','20','34.088466','-117.245858');
insert into warehouse values('1000000053','10','37.918005','-121.251009');
insert into warehouse values('1000000054','15','37.745624','-121.398318');
insert into warehouse values('1000000055','20','34.088466','-117.245858');
insert into warehouse values('1000000056','10','37.918005','-121.251009');
insert into warehouse values('1000000057','15','37.745624','-121.398318');
insert into warehouse values('1000000058','20','34.088466','-117.245858');
insert into warehouse values('1000000059','10','37.918005','-121.251009');
insert into warehouse values('1000000060','15','37.745624','-121.398318');
insert into warehouse values('1000000061','20','34.088466','-117.245858');
insert into warehouse values('1000000062','10','37.918005','-121.251009');
insert into warehouse values('1000000063','15','37.745624','-121.398318');
insert into warehouse values('1000000064','20','34.088466','-117.245858');
insert into warehouse values('1000000065','10','37.918005','-121.251009');
insert into warehouse values('1000000066','15','37.745624','-121.398318');
insert into warehouse values('1000000067','20','34.088466','-117.245858');
insert into warehouse values('1000000068','10','37.918005','-121.251009');
insert into warehouse values('1000000069','15','37.745624','-121.398318');
insert into warehouse values('1000000070','20','34.088466','-117.245858');
insert into warehouse values('1000000071','10','37.918005','-121.251009');
insert into warehouse values('1000000072','15','37.745624','-121.398318');
insert into warehouse values('1000000073','20','34.088466','-117.245858');
insert into warehouse values('1000000074','10','37.918005','-121.251009');
insert into warehouse values('1000000075','15','37.745624','-121.398318');
insert into warehouse values('1000000076','20','34.088466','-117.245858');
insert into warehouse values('1000000077','10','37.918005','-121.251009');
insert into warehouse values('1000000078','15','37.745624','-121.398318');
insert into warehouse values('1000000079','20','34.088466','-117.245858');
insert into warehouse values('1000000080','10','37.918005','-121.251009');
insert into warehouse values('1000000081','15','37.745624','-121.398318');
insert into warehouse values('1000000082','20','34.088466','-117.245858');
insert into warehouse values('1000000083','10','37.918005','-121.251009');
insert into warehouse values('1000000084','15','37.745624','-121.398318');
insert into warehouse values('1000000085','20','34.088466','-117.245858');
insert into warehouse values('1000000086','10','37.918005','-121.251009');
insert into warehouse values('1000000087','15','37.745624','-121.398318');
insert into warehouse values('1000000088','20','34.088466','-117.245858');
insert into warehouse values('1000000089','10','37.918005','-121.251009');
insert into warehouse values('1000000090','15','37.918005','-121.251009');